{
  "parent": "block/cube",
  "textures": {
    "down": "infinite_light:block/redstone_pure_lamp_surface",
    "up": "infinite_light:block/redstone_pure_lamp_surface",
    "north": "infinite_light:block/redstone_pure_lamp_surface",
    "east": "infinite_light:block/redstone_pure_lamp_surface",
    "south": "infinite_light:block/redstone_pure_lamp_surface",
    "west": "infinite_light:block/redstone_pure_lamp_surface",
    "particle": "infinite_light:block/redstone_pure_lamp_surface"
  },
  "render_type": "solid"
}