{
  "parent": "minecraft:recipes/root",
  "criteria": {
    "has_the_recipe": {
      "conditions": {
        "recipe": "infinite_light:il_fpowder_to_pearlescent_froglight"
      },
      "trigger": "minecraft:recipe_unlocked"
    },
    "has_ingredient_0": {
      "conditions": {
        "items": [
          {
            "items": "infinite_light:fluorescent_powder"
          }
        ]
      },
      "trigger": "minecraft:inventory_changed"
    },
    "has_ingredient_1": {
      "conditions": {
        "items": [
          {
            "items": "infinite_light:leather_glue"
          }
        ]
      },
      "trigger": "minecraft:inventory_changed"
    },
    "has_ingredient_2": {
      "conditions": {
        "items": [
          {
            "items": "minecraft:pearlescent_froglight"
          }
        ]
      },
      "trigger": "minecraft:inventory_changed"
    }
  },
  "requirements": [
    [
      "has_the_recipe",
      "has_ingredient_0",
      "has_ingredient_1",
      "has_ingredient_2"
    ]
  ],
  "rewards": {
    "recipes": [
      "infinite_light:il_fpowder_to_pearlescent_froglight"
    ]
  }
}