{
  "parent": "minecraft:recipes/root",
  "criteria": {
    "has_the_recipe": {
      "conditions": {
        "recipe": "infinite_light:il_prismarine_crystals_to_fpowder"
      },
      "trigger": "minecraft:recipe_unlocked"
    },
    "has_ingredient_0": {
      "conditions": {
        "items": [
          {
            "items": "minecraft:prismarine_crystals"
          }
        ]
      },
      "trigger": "minecraft:inventory_changed"
    }
  },
  "requirements": [
    [
      "has_the_recipe",
      "has_ingredient_0"
    ]
  ],
  "rewards": {
    "recipes": [
      "infinite_light:il_prismarine_crystals_to_fpowder"
    ]
  }
}