{
  "_fv": 79,
  "_type": "villagertrade",
  "definition": {
    "tradeEntries": [
      {
        "villagerProfession": {
          "value": "CLERIC"
        },
        "entries": [
          {
            "price1": {
              "value": "Items.EMERALD"
            },
            "countPrice1": 1,
            "price2": {
              "value": ""
            },
            "countPrice2": 1,
            "offer": {
              "value": "CUSTOM:FluorescentPowder"
            },
            "countOffer": 3,
            "level": 1,
            "maxTrades": 16,
            "xp": 5,
            "priceMultiplier": 0.02
          }
        ]
      }
    ]
  }
}