{
  "_fv": 79,
  "_type": "recipe",
  "definition": {
    "recipeType": "Smoking",
    "recipeRetstackSize": 1,
    "group": "",
    "unlockingItems": [
      {
        "value": "Items.LEATHER"
      }
    ],
    "cookingBookCategory": "MISC",
    "xpReward": 1.0,
    "cookingTime": 200,
    "craftingBookCategory": "MISC",
    "recipeShapeless": false,
    "smokingInputStack": {
      "value": "Items.LEATHER"
    },
    "smokingReturnStack": {
      "value": "CUSTOM:LeatherGlue"
    },
    "name": "il_leather_glue",
    "namespace": "mod"
  }
}