{
  "_fv": 79,
  "_type": "recipe",
  "definition": {
    "recipeType": "Crafting",
    "recipeRetstackSize": 1,
    "group": "fpowder_usages",
    "unlockingItems": [
      {
        "value": "CUSTOM:FluorescentPowder"
      },
      {
        "value": "CUSTOM:LeatherGlue"
      },
      {
        "value": "Blocks.PEARLESCENT_FROGLIGHT"
      }
    ],
    "cookingBookCategory": "MISC",
    "xpReward": 0.0,
    "cookingTime": 200,
    "craftingBookCategory": "MISC",
    "recipeShapeless": true,
    "recipeSlots": [
      {
        "value": "CUSTOM:FluorescentPowder"
      },
      {
        "value": "Blocks.CHERRY_LOG"
      },
      {
        "value": ""
      },
      {
        "value": "CUSTOM:LeatherGlue"
      },
      {
        "value": ""
      },
      {
        "value": ""
      },
      {
        "value": ""
      },
      {
        "value": ""
      },
      {
        "value": ""
      }
    ],
    "recipeReturnStack": {
      "value": "Blocks.PEARLESCENT_FROGLIGHT"
    },
    "name": "il_fpowder_to_pearlescent_froglight",
    "namespace": "mod"
  }
}