{
  "_fv": 79,
  "_type": "recipe",
  "definition": {
    "recipeType": "Crafting",
    "recipeRetstackSize": 1,
    "group": "",
    "unlockingItems": [
      {
        "value": "CUSTOM:FluorescentPowder"
      },
      {
        "value": "Blocks.STAINED_GLASS_PANE#0"
      }
    ],
    "cookingBookCategory": "MISC",
    "xpReward": 0.0,
    "cookingTime": 200,
    "craftingBookCategory": "MISC",
    "recipeShapeless": false,
    "recipeSlots": [
      {
        "value": ""
      },
      {
        "value": "Blocks.STAINED_GLASS_PANE#0"
      },
      {
        "value": ""
      },
      {
        "value": "Blocks.STAINED_GLASS_PANE#0"
      },
      {
        "value": "CUSTOM:FluorescentPowder"
      },
      {
        "value": "Blocks.STAINED_GLASS_PANE#0"
      },
      {
        "value": ""
      },
      {
        "value": "Blocks.STAINED_GLASS_PANE#0"
      },
      {
        "value": ""
      }
    ],
    "recipeReturnStack": {
      "value": "CUSTOM:PureLamp"
    },
    "name": "il_pure_lamp",
    "namespace": "mod"
  }
}