{
  "loader": "neoforge:separate_transforms",
  "gui_light": "front",
  "base": {
    "parent": "item/generated",
    "textures": {
      "layer0": "infinite_light:item/leather_glue_1"
    }
  },
  "perspectives": {
    "gui": {
      "parent": "item/generated",
      "textures": {
        "layer0": "infinite_light:item/leather_glue_1"
      }
    },
    "fixed": {
      "parent": "item/generated",
      "textures": {
        "layer0": "infinite_light:item/leather_glue_1"
      }
    },
    "ground": {
      "parent": "item/generated",
      "textures": {
        "layer0": "infinite_light:item/leather_glue_1"
      }
    }
  }
}